MFCC_1_mean,MFCC_1_std,MFCC_2_mean,MFCC_2_std,MFCC_3_mean,MFCC_3_std,MFCC_4_mean,MFCC_4_std,MFCC_5_mean,MFCC_5_std,MFCC_6_mean,MFCC_6_std,MFCC_7_mean,MFCC_7_std,MFCC_8_mean,MFCC_8_std,MFCC_9_mean,MFCC_9_std,MFCC_10_mean,MFCC_10_std,MFCC_11_mean,MFCC_11_std,MFCC_12_mean,MFCC_12_std,MFCC_13_mean,MFCC_13_std,ZCR_mean,ZCR_std,RMS_mean,RMS_std,SpectralCentroid_mean,SpectralCentroid_std,SpectralBandwidth_mean,SpectralBandwidth_std,SpectralRolloff_mean,SpectralRolloff_std,Pitch_mean,Pitch_std,Pitch_min,Pitch_max,Duration,label,filename
-407.92526,173.25818,80.6756,76.90075,4.995247,31.428946,12.501891,22.818321,2.2200897,16.304237,-3.2071967,15.40868,-6.6374955,13.839622,-10.79233,17.061897,-8.325392,12.923284,-1.3545012,10.66378,-5.598878,10.170753,-7.828364,11.709092,-1.9007564,6.3687496,0.11779312015503876,0.06283720191682632,0.04296673,0.057353064,1963.4492564240386,1081.9389858635022,1823.6931991854963,728.9079790074607,4071.342054263566,2208.291278007627,103.96949143271765,15.326774520442326,65.40639132514966,145.14587018501834,4.1066875,0,DF_E_2000508.wav
-188.31828,116.33455,105.605286,85.262375,2.8142924,40.191135,23.732182,31.680887,12.829288,19.342175,-3.5695248,17.08545,-5.988117,16.422943,-0.0090681715,13.479718,0.19234012,13.591624,-14.213338,12.423787,-10.333117,11.454107,-12.142515,11.465122,-1.8318201,8.190389,0.13953799293154762,0.1555788494435889,0.1231517,0.05385702,1745.680518165883,1400.9425925326307,1468.8524020460998,556.4776452975872,3143.973214285714,2101.6673575204995,96.10068472893039,10.688107713506211,80.0609250563203,123.47082531403102,5.352,0,DF_E_2000676.wav
-209.89702,113.06777,111.33624,60.503757,-18.113165,37.404964,43.908886,34.082203,-20.844862,21.763323,-6.103217,16.307795,-10.3503,15.89481,-16.33738,15.335418,-8.711379,12.791169,-13.790142,11.425858,-10.83744,9.28739,-11.732465,8.610001,-8.221976,7.30538,0.1062797934322034,0.10434987607272489,0.12850305,0.08176074,1413.6392708196029,851.985715190506,1363.1843407675947,432.5368340346204,2730.137711864407,1372.015402779214,120.73730210676874,13.287379047535934,79.59980805922079,165.76853496220332,5.632,0,DF_E_2002152.wav
-233.49316,168.37343,65.52874,76.57441,22.039309,32.511753,22.43348,29.675287,8.48186,20.72463,6.3515334,18.1913,-1.2237792,18.727491,-1.4254544,12.598611,-5.859806,14.975931,7.504144,13.883511,-8.071065,10.394516,5.2971115,13.34231,-0.14198293,10.068359,0.15416029283216784,0.17666547662285526,0.13275708,0.10514992,2039.0920658967925,1524.7619367544412,1684.012582848895,485.8558585555474,3694.055944055944,2086.7253638901593,86.27991713322925,8.745998475760347,68.89654412432702,112.57112811964524,4.544,0,DF_E_2002307.wav
-191.43262,96.60819,72.35498,66.52879,-9.75563,33.873062,36.260963,34.319313,-16.102123,21.041052,-10.579724,18.920847,-27.261662,19.028553,-15.5595255,17.167173,-15.801503,15.50823,-2.6281548,17.05824,-15.1794615,12.054274,-1.960198,13.816225,-11.162248,11.674491,0.18563415232487923,0.15046232445246466,0.11424832,0.080658905,1998.0771666027613,1222.6848163689695,1493.9430002900738,374.0334182883205,3507.3596014492755,1721.57857186564,156.72682861631336,25.274550723469797,85.3129619008554,225.1422562392905,6.592,0,DF_E_2002753.wav
-369.19537,191.33475,71.45817,44.381508,-14.820365,44.51981,24.397701,22.28347,-4.437445,23.693733,-3.911051,13.648665,-9.262044,16.514902,-5.299616,10.897538,-7.3394885,13.231671,-14.706166,13.469605,-3.6471612,8.903227,-12.757163,13.476777,-3.546737,7.0443883,0.11227438038793103,0.09444103042983729,0.043653455,0.05354559,1802.4579334360078,739.7936708508596,1753.8580467288286,545.2838699899535,3802.1012931034484,1579.8996335884021,167.21478584229757,57.17544661177469,78.23233100085048,282.02769802256034,4.616,0,DF_E_2003021.wav
-359.78998,176.00275,67.939835,61.4308,-2.7609706,34.693745,29.959206,31.51598,2.0829754,16.446909,-0.03683838,15.804024,-14.730204,14.173268,-9.060902,13.888593,-4.359201,12.60868,1.3714013,10.892348,-9.748548,10.839402,-4.9930987,7.6881666,-4.087725,8.119326,0.14065538194444444,0.12090477039229629,0.058639698,0.081060216,1761.3960376015823,1081.1794583259807,1503.9242293991672,453.4651526820249,3269.7569444444443,1634.9259533023614,101.44617642928225,13.776864547919537,79.1413469005951,146.8323839587038,7.168,0,DF_E_2003082.wav
-373.93182,175.3374,74.04806,65.36935,5.6449213,27.522148,25.449001,29.083035,6.139387,12.584284,6.9724874,15.876261,0.045615748,14.216797,-14.293285,21.865685,-6.9849405,15.151033,-0.35066566,10.579351,-8.391472,15.316468,2.9430802,6.680671,-4.1509547,8.43828,0.06998483758223684,0.07695137236596171,0.059162185,0.074046396,1180.1654408569066,762.2345338225823,1473.1809642955322,448.2897039867979,2183.4909539473683,1602.1706330083118,103.79132939695297,13.107685050761384,78.23233100085048,129.31026969119696,4.8633125,0,DF_E_2004156.wav
-317.02307,159.23912,51.879204,49.711544,-2.107462,32.681194,7.9761643,27.256025,-0.84039474,20.34447,0.28348973,15.038417,-7.036559,17.461689,-7.4946914,13.379175,-4.918101,13.235575,-4.2359986,10.098202,-3.609026,9.993336,-1.4165772,8.896983,-0.31805265,7.5817213,0.20289032218992248,0.19990826895399263,0.06644495,0.083246656,2180.323795444499,1314.1051312677162,1895.644517745916,487.68953622104254,4280.523255813953,1918.5018478282745,171.11062737905698,73.53865125617331,89.3477635991859,335.38934511626763,4.096,0,DF_E_2004205.wav
-324.78043,186.5374,69.466675,52.645187,1.0093399,39.185497,25.797592,23.675217,3.1190796,17.310743,0.09299984,14.842361,-4.0313168,12.523948,-18.50802,22.783495,-7.186088,12.130895,-14.093374,16.942307,-11.233333,11.405485,-3.9105458,8.02656,-15.753681,13.791015,0.11084330673758866,0.08788513207703892,0.0799561,0.0882647,1858.9900403615916,794.263907410377,1908.023634525187,530.2270709154303,4181.128102836879,1567.4018861379443,112.09362442871704,21.18362473893091,65.40639132514966,154.66751207845843,4.4804375,0,DF_E_2004207.wav
-195.66106,105.31352,80.95284,60.41483,-21.661474,35.054054,29.12127,31.376038,-12.027913,15.871627,-14.823689,17.14493,-29.307922,16.511904,-20.405697,18.786102,-15.119937,14.4388275,-2.2945786,15.648809,-17.216755,12.830861,-1.6099367,11.61234,-11.8529005,12.695497,0.16287760416666666,0.1453985947361615,0.11021945,0.076404326,1862.6932635688363,1105.5343092217636,1460.9123658796198,412.28862098760584,3316.7708333333335,1618.9462021807753,149.1107093415054,13.82241351251814,121.34967043801211,180.77186920887385,4.78,0,DF_E_2004215.wav
-358.68536,187.43951,56.092075,62.861294,-6.488724,39.646164,5.7034483,24.636784,-5.839578,20.772814,-10.869586,17.812546,-11.001652,16.935774,-8.431759,14.507139,-8.332932,12.19154,-0.67279834,8.911219,-10.13178,12.420131,-8.08024,10.168777,-12.636457,14.269327,0.12633843591370558,0.10589319014877886,0.06212465,0.07171583,1969.7875462169752,991.1538062317466,1859.3393141194902,621.7111221418799,4041.560913705584,2035.8251850653674,150.3547103790183,60.87588607340937,70.91536696417685,290.2917403700367,6.272,0,DF_E_2005024.wav
-225.48322,114.00611,118.42373,67.214226,-15.434685,33.462086,18.032686,29.68619,-13.130076,28.30971,-9.97545,20.240095,-3.8170252,16.891155,-6.6169252,14.717122,-17.964703,12.454897,-0.6158129,13.665208,4.0742736,10.584382,-6.6688614,9.327208,-11.738821,8.246502,0.11418855274822695,0.10889286936340535,0.109536424,0.08524949,1402.115141317686,960.2128808976471,1303.3120359995082,515.0286705744187,2558.067375886525,1677.07455021825,104.27015337940915,14.77946081888652,71.32617550580554,171.61434972294217,4.48,0,DF_E_2005193.wav
-267.76138,111.25412,64.80776,55.94901,-4.281174,29.9562,21.103151,31.737156,-20.964796,27.835878,-6.1771007,18.376247,-18.151796,14.9031315,-14.226124,18.051506,-6.933147,12.132795,-13.301908,11.624698,-5.5829144,9.365092,-4.10356,10.92848,-6.3954945,7.3270793,0.15518637960271317,0.12583428244713943,0.07905603,0.0674557,1900.4242061834648,1071.468511732246,1600.0907703758016,486.6328005266555,3579.6996124031007,1671.0728928793696,188.88705000122496,46.19085638646063,93.57338770459413,258.62053938239393,4.104,0,DF_E_2005412.wav
-325.77194,183.57951,57.369125,41.692303,-8.231919,39.85537,18.423561,27.88895,-15.796191,26.720018,-9.242385,16.012726,-14.650421,20.767166,-3.5837286,10.882931,-9.1434355,15.219618,-10.244367,11.83565,-4.509714,7.7076344,-7.5044756,9.239974,-5.820275,7.5464664,0.16252829811789773,0.1209825326571602,0.060859777,0.06892693,2110.5643118884186,891.3540689809606,1851.5575938960544,482.8701885058559,4283.203125,1471.331160046565,159.16604418400027,56.98166627001277,71.32617550580554,285.30470202322215,5.608,0,DF_E_2005779.wav
-423.29456,158.76898,57.45379,44.187256,-6.7770514,38.41689,22.225096,22.950647,2.0578573,13.830903,-1.5618968,17.034672,-12.789026,21.009117,-13.927312,20.80345,-5.1327705,12.7260895,-3.0851011,9.927262,-11.096398,13.234724,-0.12692922,7.5290136,-4.856161,9.085827,0.16397938829787234,0.11296654984758553,0.03184786,0.05120046,2019.3640049667479,844.243212067502,1790.0101289630609,449.2229472427747,4094.913563829787,1457.1059850879485,132.8677159620738,38.7386230363511,79.1413469005951,238.52991146631203,6.0149375,0,DF_E_2005967.wav
-241.5686,141.72533,84.91307,68.417595,-5.576004,41.20596,36.806664,27.132776,-5.9982333,17.54497,-0.6518382,16.108831,-16.931435,17.84032,-6.295801,17.35354,-14.80031,13.778341,-7.0086145,11.578349,-18.612017,13.125383,-2.0065446,9.292033,-8.14073,9.685641,0.1560834763367052,0.12699595842144135,0.09890616,0.07281899,1746.2049480473415,1178.951287432511,1419.99604025016,420.3002359444164,3175.352239884393,1586.7596836256275,114.30776229507198,13.517644386586646,83.8473362790669,157.37105256787842,5.504,0,DF_E_2006437.wav
-175.38348,108.67023,99.68339,55.92752,-16.460583,41.891182,26.639479,27.102028,-19.402777,25.045527,-6.9197817,16.30322,-22.555784,16.749718,-10.755938,12.086876,-25.712997,13.222147,-11.712949,13.934253,-5.892378,11.757389,-8.583101,10.960881,-10.150403,8.633788,0.1468735314849624,0.10506097157966138,0.13913225,0.07174579,1553.7252375609828,856.7431589288148,1425.3545993937073,512.518099242977,3026.4920112781956,1594.4546837986193,193.99841085011352,24.41335008131465,160.1218501126406,273.99891691894106,4.23275,0,DF_E_2007102.wav
-305.9832,150.30885,94.63244,32.4884,10.129542,20.417534,24.949976,22.895561,9.343283,15.412341,-3.4937682,10.629963,-16.45704,13.102459,-11.949868,13.105604,-0.26753727,11.825389,-7.159165,9.102572,-6.303569,9.495958,-6.3158064,7.845218,-11.804979,9.781216,0.07862097071850394,0.031764384202436664,0.08074386,0.107811324,1487.3840478484983,488.6250594425256,1757.1751996113608,364.2222425292873,3298.4744094488187,1149.4618196357546,100.24269632110561,12.664033196171115,65.7852866955572,124.90548719779652,4.032,0,DF_E_2007327.wav
-218.84068,104.442795,93.68138,85.7282,12.682839,36.84012,34.469025,36.612663,7.6536674,17.248463,-2.4177024,14.766316,-1.7024105,14.900733,3.6393223,12.822272,-10.688926,13.439664,-23.091667,12.313272,-15.185291,11.160668,-8.825537,11.51673,-2.2947848,10.598532,0.15589523315429688,0.1691309698714923,0.10849924,0.06578247,1767.2202871814657,1436.9024753561384,1473.3226967841294,539.2524890588348,3227.294921875,2049.4844387298467,95.91377610197043,13.887776987976352,69.6970834057884,140.20166900511882,4.088,0,DF_E_2007773.wav
-370.2757,177.27892,61.31451,48.81882,11.458181,33.25738,25.391636,19.214931,11.263245,12.410083,2.7672641,11.439476,-1.7103112,10.266892,-11.909185,19.147118,-4.7607946,9.678518,-7.9154162,9.785434,-7.592769,7.598897,-3.6702616,5.767909,-7.5983696,7.710795,0.10347493489583333,0.07341524992648402,0.05912551,0.08488082,1895.7911892872146,702.3540163848485,2043.4774839942509,525.5223680859192,4446.141098484848,1498.330239245326,111.60037015951168,19.723338449690843,83.3644111580719,163.86452094349724,4.192,0,DF_E_2007778.wav
-242.18329,161.29382,93.178116,48.971626,-12.907053,40.355328,33.40324,30.62334,-6.193367,17.85936,6.117703,14.194609,-6.5143576,13.9802685,-19.030416,19.213665,4.120277,9.523984,-2.0490186,13.250764,-1.5966507,9.763521,0.8049042,9.164416,-7.181644,7.4743543,0.1324266553758741,0.07970224258812,0.0783136,0.07849387,1841.0103818462055,718.927007785321,1697.7202054897482,450.042802321143,3753.8243006993007,1250.9983130824658,98.4140248451873,11.170939449504802,72.15494574405967,128.565497341737,4.568,0,DF_E_2010729.wav
-208.32416,93.53144,79.58251,59.08729,-6.173934,37.53855,10.418875,28.36743,-11.332939,21.960903,-2.4270844,19.248602,-34.597466,17.57337,-20.288399,15.444346,-19.799988,14.109415,-1.8617091,12.513431,-11.067319,11.500145,-4.897982,9.6046915,1.002792,10.201822,0.14699447887569833,0.12814579281786667,0.12820631,0.083489776,1849.0275741601902,1281.0167375857097,1552.0785064214135,500.08620531512537,3312.63093575419,1958.0628006387633,209.74960761325812,31.734263348515046,73.4161919793519,272.42079928303684,5.696,0,DF_E_2011319.wav
-229.79645,132.92073,94.95261,67.760544,-23.073763,40.439964,9.612556,26.300709,-15.124936,21.165514,3.1945293,14.31034,-14.332525,16.378414,-12.257548,15.0355215,-8.070754,14.20196,-8.289139,12.081649,-6.5726385,10.024701,-6.672021,10.248923,-4.953901,7.7548447,0.12064919542910447,0.14439318973589083,0.1316108,0.10331685,1510.8021951873236,1082.9780736586167,1408.4322359518512,559.176158069123,2781.9496268656717,1738.0243638497175,175.1215973956137,35.11882846068664,86.30425076864258,242.6993408760242,4.2643125,0,DF_E_2011649.wav
-284.7275,163.81964,79.18001,71.86635,7.4332256,27.452372,11.167629,23.171955,3.0337336,21.35278,5.851193,12.690352,-14.874049,20.876232,1.4310855,12.438708,-11.766734,14.155668,-0.0696445,11.072217,-3.330879,7.2985783,-7.876802,8.8791895,-0.03642844,8.270215,0.11433205409356725,0.08870459249038685,0.08997087,0.08581704,1658.0530995141803,850.5892023368949,1711.0197272187531,552.2374938820207,3524.21418128655,1827.3490628983159,127.6747164760505,31.961838659695523,81.46036537576103,221.27444703492776,5.44,0,DF_E_2012867.wav
-307.1057,178.5192,79.01032,49.534733,-3.0219214,32.767094,33.231724,33.718666,-5.4393992,22.339064,4.0050855,12.508784,-4.438539,15.829681,-9.785275,16.986063,-6.6947303,12.808648,-13.636206,15.735553,-13.821454,14.82214,-0.18408391,9.731171,-12.801764,12.095615,0.0803973858173077,0.059317034996074956,0.08213863,0.07687323,1634.01379296085,849.8481819240304,1649.0806660005474,428.4317292936035,3384.9158653846152,1553.247179157906,110.91675911906601,15.948218696910939,85.80717486147108,145.14587018501834,4.1429375,0,DF_E_2014510.wav
-292.3149,187.9697,52.22581,45.505035,-12.6401825,43.575558,11.736207,23.214066,-19.307667,29.01529,-12.516492,19.023582,-16.447626,18.92019,-5.7630906,10.884435,-9.420487,12.806876,-11.616662,12.216897,-7.6988425,10.744322,-7.084154,9.868637,-7.3670983,7.785177,0.16933978602216748,0.11008914178333926,0.07847911,0.07818398,2220.4711072744763,941.4457890636754,1869.3419285673422,528.7442480420196,4362.107450738917,1658.9195007137246,165.89830268574306,54.906493883174925,73.4161919793519,283.6614678567074,6.464,0,DF_E_2014624.wav
-285.07812,174.64108,65.175735,66.33894,11.514202,33.711464,29.571707,26.063946,6.66375,13.43938,5.12886,18.980408,1.4520409,14.299456,-6.2448406,15.796756,-0.26605833,11.949523,-2.4347963,14.064002,-1.6122411,8.301988,4.2512717,7.112843,3.8818495,6.394416,0.1269136985636646,0.14011735265063438,0.07864239,0.08356573,1910.4596803477946,1221.9160782777942,1776.2330018557811,484.3865134407145,3810.8016304347825,1668.5101790848867,91.83068541842927,8.900572491387962,68.89654412432702,115.20235351026894,5.12,0,DF_E_2015876.wav
-265.61295,151.37166,77.61,49.96834,-24.047064,32.485516,25.809984,31.533085,-7.407614,23.38579,-11.229485,15.927365,-14.92011,20.01612,-9.982083,14.117384,-19.143478,19.58819,-5.87833,12.60387,-12.529861,12.148928,-8.832011,10.297553,-10.398815,9.245468,0.09089799360795454,0.06201066521237253,0.09734375,0.07179176,1546.2797187411152,626.4224220356058,1527.6154424624608,481.99611368936405,3143.4067234848485,1413.0966052094134,190.5669207925299,43.763844826214864,84.82159539743674,277.1826309768721,4.216,0,DF_E_2016278.wav
-383.51407,164.17305,55.389286,67.508606,0.9665659,22.05026,30.308863,32.979355,4.5586457,11.148392,1.0087031,16.579565,-2.5814958,13.112423,-5.413167,12.917871,-5.0423546,11.241483,-1.1168332,9.353459,-6.6804657,9.849944,-4.0340924,7.2018614,-2.308019,6.444129,0.08378331801470588,0.09534357442793584,0.05544394,0.086007655,1457.1758424722962,830.5179261541089,1672.3279975603239,492.1824338014584,3239.889705882353,1310.1718387201436,102.20955583385378,11.824741603225716,79.1413469005951,129.31026969119696,4.864,0,DF_E_2016552.wav
-249.73792,136.59781,102.366196,83.92176,10.986175,27.277605,18.458086,29.345896,1.3475064,26.222824,13.980677,16.45377,-12.75094,18.446096,-6.91552,15.356888,-18.616919,16.52929,8.183202,12.150229,-13.571526,11.597933,9.309523,12.256157,-5.5160294,7.9274545,0.11176439996301775,0.14904165185415116,0.123736925,0.08240268,1447.9000303707294,1275.710675228554,1351.6828359335207,519.2474968920015,2509.060650887574,2028.5877280550144,100.25048430952938,26.523575286629107,68.49972922973525,174.61411571650194,5.4029375,0,DF_E_2017489.wav
-191.39438,107.29053,66.70353,74.95752,4.348983,35.968052,19.419273,38.277664,-12.4565525,18.64444,-10.0676985,15.074901,-19.551706,15.607622,-16.1147,16.048903,-8.599467,14.51067,0.053607535,15.576921,-10.681765,11.670166,-4.4894714,12.700007,-5.658059,11.668488,0.19713741707402235,0.15695697383838195,0.10541745,0.07196759,2147.467798131027,1364.082846710127,1597.6108391649686,411.31612295110665,3661.7929469273745,1874.600320917134,160.70362680139226,31.25420956089136,122.75968568932456,266.19869962824436,5.704,0,DF_E_2017644.wav
-266.5109,162.10535,66.86662,62.829258,-10.076531,32.04338,23.989363,26.854261,-15.150183,22.17992,0.7344012,13.415732,-10.947749,14.802709,-8.822869,12.990209,-6.1870875,10.4042015,-9.079096,13.225922,-13.42066,9.703539,-10.581979,10.446197,-1.7773262,9.0471115,0.16060067365269462,0.1324584242753197,0.063628994,0.063705005,1967.177572395935,1025.7888564005057,1673.3302222407538,404.2631037851116,3761.695359281437,1407.9964294418164,112.54917056045899,13.749712671129512,83.8473362790669,158.2826938011902,5.312,0,DF_E_2018961.wav
-239.29736,122.9747,91.30242,61.710808,-34.140587,48.527885,4.124491,29.756218,-9.1418915,20.686022,-12.863084,13.869373,-28.323025,18.285404,-10.075875,12.879624,-16.736732,16.411346,-13.367125,11.756863,-11.61121,11.820417,-12.342282,11.892878,-8.867155,8.74711,0.15172195434570312,0.14584970585786663,0.10371511,0.06880493,1697.26909532211,1108.4486814710426,1427.5049340148798,564.7295635024539,3016.17431640625,1901.936684320186,227.91664935926383,38.65473982555749,174.61411571650194,361.54373841774776,4.072,0,DF_E_2019442.wav
-389.81326,178.42964,80.16119,49.205414,18.005941,38.70084,34.87959,25.920265,3.2163615,12.465036,6.0961213,16.656256,-6.542336,16.904129,0.19733222,14.276087,-2.7597265,13.59255,-1.6241106,9.867799,-10.649934,11.600469,-1.2142674,8.717499,-11.973041,11.402962,0.08317302044172932,0.09056829978205297,0.03995117,0.057953816,1397.5181063051905,1024.5645440964518,1470.6203054445616,396.18042439365564,2624.1776315789475,1748.7917983189438,90.95452937030974,11.935473066725818,65.40639132514966,126.35681904967383,4.224,0,DF_E_2019515.wav
-293.62915,179.84642,73.74351,65.01674,-15.650735,40.944523,2.4724534,22.562677,-2.9910433,16.189987,-12.380171,20.12703,-14.749198,18.70735,-6.961135,15.4436,-6.6109214,11.527593,-4.615964,11.979475,-5.2596617,10.255083,-9.314841,11.11284,-13.380154,12.298194,0.10882237160852713,0.07975528568662378,0.095210426,0.08906233,1758.4026383976154,923.7305436497505,1692.619198311399,608.2434357282668,3548.0862403100773,1877.3182055625625,175.42748351039563,59.13042524238953,75.5674506101949,288.6197829762387,4.096,0,DF_E_2020350.wav
-317.39426,70.8902,114.01895,34.272495,0.5525828,16.422014,23.646498,16.13266,-13.804026,15.692548,12.65571,14.499669,-9.389676,18.497349,7.560825,11.47439,6.626991,8.623781,-3.694731,6.7477527,-6.329074,10.9254465,2.4641235,8.312893,0.62480605,6.898992,0.07838841488486842,0.04577518381530596,0.035478767,0.03304988,1361.6809790520724,648.5669157046344,1490.36187518861,396.3099593138308,2845.017817982456,1350.4686357042594,148.89700282781882,57.417064835341726,65.40639132514966,242.6993408760242,7.267875,0,real_voice.wav
-269.28333,125.17531,82.738945,46.508347,-1.6162206,27.646933,19.471252,29.828802,-0.024723053,15.875558,-3.8579128,10.487723,-8.442619,10.943423,-13.851385,16.697634,-8.2360525,13.296215,-4.031569,15.663143,-7.1845007,10.004641,-4.7598915,6.462601,-8.172398,5.7866216,0.13287353515625,0.07355804998863219,0.08572476,0.10301486,1766.0473813588997,795.486771912231,1720.3616055323719,509.334090566174,3599.3381076388887,1726.300458722478,122.80618810561714,17.82061513870256,68.10519982075922,166.7288223161438,4.584,1,DF_E_2000055.wav
-238.85829,126.364006,110.971756,76.82325,11.375438,36.993855,32.24188,23.492682,3.1702397,23.558588,-1.5566669,19.746822,-9.713321,18.852064,-14.5547695,12.290396,-16.340057,14.393595,-1.2406266,11.208583,-3.8505592,8.839662,-0.07666805,7.9115696,1.9510142,9.94892,0.09846455342060811,0.09656457549661827,0.12345533,0.09103876,1426.996398382802,1039.187151013477,1412.043196016092,569.0057977150526,2744.826858108108,1817.587175611315,96.24646072234857,11.019038183089057,76.88834637984607,131.5705733911144,4.712,1,DF_E_2000072.wav
-216.95467,106.91532,67.59086,46.376854,-12.000242,33.332993,31.320976,22.523859,-14.230334,15.874887,-7.1891737,9.770638,-23.610355,12.764617,-19.528566,13.119747,-18.145653,11.3751,-18.972422,13.298331,-8.729798,10.407591,-14.847436,11.360175,-7.5535383,6.749457,0.1291984498031496,0.08965277842325219,0.11806653,0.086261414,1758.992227249139,901.5007514582543,1660.1279011042402,421.3536100972898,3499.0772637795276,1486.436487522435,189.14615214960645,27.58090150058632,105.64102395561046,248.37216905734888,4.032,1,DF_E_2000091.wav
-493.82797,160.39825,21.77747,41.996452,16.912434,19.262182,12.71014,19.080029,4.923719,13.3324585,4.219692,11.181476,-0.88681865,11.694192,0.7810515,11.512325,3.2219012,8.561399,3.8735244,9.483705,0.16164745,8.196079,0.8401766,7.357032,-1.293486,4.8555307,0.17550467111013987,0.16450868727494133,0.019989261,0.06349018,2392.3149692689985,1098.1097826724554,2150.0019424783995,392.16608461472504,5009.2875874125875,1288.3456005593155,112.7518358428006,21.34384627497348,70.50692450564009,164.81377845643496,4.544,1,DF_E_2000137.wav
-227.55309,134.18651,89.391266,72.20088,5.7629304,35.996323,20.186338,26.322775,-14.947084,26.625854,-5.4300275,15.713088,-24.609474,14.716162,-21.66164,9.011273,-10.683595,8.9566345,-19.85339,7.493972,-23.668144,7.8007174,-13.742961,6.278528,-14.568327,7.5237784,0.12768758138020833,0.14783323333366188,0.1160047,0.081197515,1569.8416770256044,1290.4728990972992,1452.34305343905,520.5900872045164,2775.0,2088.569899928662,218.37677525143036,47.190258156981386,155.56349186104043,333.4576446322876,7.66,1,DF_E_2000147.wav
-231.43533,118.54402,102.47633,62.694576,2.3464823,34.63917,53.346436,30.360329,-1.330512,17.84663,-0.977906,23.087296,-10.936199,16.777504,-8.42691,15.1392565,-20.916693,17.012976,-2.1024203,12.75921,-12.905356,12.918745,0.82319915,9.0083275,-3.5419772,9.466929,0.1048828125,0.09929030033718389,0.12812243,0.0884852,1329.3554038421369,975.2239593930946,1301.0704959727766,442.8054365481373,2521.5625,1600.1647050642423,104.039730606154,12.26385674309087,79.59980805922079,147.682975305829,4.7875,1,DF_E_2000151.wav
-302.9088,144.92453,76.06725,60.896313,-12.571137,39.024693,16.280403,30.92234,-11.235664,22.047987,-7.2487226,13.514499,-15.915099,17.899351,-4.5593133,12.970557,-13.501688,15.489711,-3.3106656,7.5907893,-8.089151,9.932857,-12.5899315,11.752683,-4.275478,7.6681395,0.12222005208333334,0.12847883719978379,0.07271635,0.06243179,1812.858840795878,1088.9173622324572,1619.4132205138956,602.2762856926015,3498.9583333333335,1984.3183363519672,179.43389756313024,48.95100669442476,73.4161919793519,266.19869962824436,4.792,1,DF_E_2000154.wav
-234.03416,127.570076,77.506615,54.419037,-29.289085,43.359272,5.800328,26.581366,-19.656137,23.43668,-6.0328436,16.582138,-21.422756,17.75841,-4.247357,11.891207,-15.652544,14.436081,-10.476311,11.759776,-23.382223,13.356853,-10.787936,11.919657,-17.740114,10.535541,0.16845703125,0.1609133666344097,0.12566896,0.09297893,1862.918823122838,1176.894536545514,1506.8483141913118,533.4081439228152,3312.8633720930234,1953.879423207603,227.40226021488866,26.4848429405503,179.73069985652097,286.9574553484241,4.1150625,1,DF_E_2000183.wav
-211.85017,138.84369,85.94344,66.36289,-5.929775,32.035755,10.483928,19.520836,-3.9499066,21.58856,2.5390584,12.337155,-12.205992,16.075745,-14.599702,12.244403,-14.241189,11.7153425,-8.89128,11.64678,-5.699316,7.933291,-12.507317,9.930223,-7.9622865,7.7370696,0.12758124266431925,0.12638889085103883,0.11535148,0.07434053,1713.0259666573495,1174.0010431789196,1610.3302813623418,533.7263983993191,3296.9850352112676,2029.3466952570843,138.97250424043258,27.091649290165392,73.4161919793519,199.42369775418427,6.784,1,DF_E_2000213.wav
-221.04025,138.16615,68.91412,53.932884,-9.711221,36.305588,10.330408,31.656239,-24.781301,22.706614,-24.318842,14.577709,-21.377726,14.347102,-8.889476,13.84744,-13.634896,12.502859,-10.625721,11.39314,-17.76054,9.37537,-8.155017,10.590829,-8.076651,6.607365,0.18369811545801526,0.1197140799441116,0.086605825,0.059568323,2230.4064572931434,1383.203693462151,1710.0067866112377,493.7095589046177,4015.0286259541986,1904.5937603939099,206.6790886093682,16.79200120398775,172.60850153728515,249.81097439559304,4.16,1,DF_E_2000223.wav
-309.94086,162.9266,68.986305,62.272694,-4.9992824,41.08129,25.404562,33.40286,-6.9107656,21.645927,-6.8802786,15.170911,-18.696749,24.889189,-0.69957143,11.232121,-9.569136,13.170183,-1.7400148,7.588174,-5.799572,9.138386,-16.619667,14.338021,-7.225319,7.473977,0.08979840959821428,0.05945146545616304,0.093997754,0.09544839,1643.9871916769584,835.5333183072308,1686.7527035946805,627.0835608278146,3500.1116071428573,1850.2403982590072,180.39065973368733,57.578557837245405,89.3477635991859,341.2518476034216,4.4678125,1,DF_E_2000237.wav
-223.719,121.584045,87.09097,41.887764,-7.5369062,28.183207,20.030169,30.33419,0.34532073,16.56292,-2.7365808,14.9861965,-28.211123,18.458164,-11.3033285,11.542724,-28.670603,14.868763,-0.65623295,11.911904,-18.859419,11.574901,-4.4940643,10.883611,-5.9394283,6.887653,0.13038577890037595,0.10233934120446825,0.103947386,0.06774312,1520.902995525472,855.2814328804038,1529.7121678344947,392.53828268761697,2899.7297932330825,1553.0474121432828,180.73435901688185,30.21381950915405,89.3477635991859,235.7901617579845,4.224,1,DF_E_2000265.wav
-318.48166,118.34609,71.3099,73.93341,-3.604641,47.5778,4.451973,26.819525,-4.2296295,20.842152,-14.736259,19.028019,-10.801695,20.35922,-7.369188,15.1694355,-11.91134,15.246209,-4.455616,9.207116,-11.583979,12.178446,-13.5409565,14.082739,-8.749652,9.711571,0.22061479271356785,0.16012285816936328,0.06064604,0.06849009,2119.143644527199,1529.0018526316057,1574.6704785398456,720.4148212948725,3723.5003140703516,2461.6930489447163,177.00378395866463,39.00069308138322,70.91536696417685,248.37216905734888,6.3400625,1,DF_E_2000266.wav
-267.40274,119.83979,97.27938,64.034035,-2.5515106,31.72737,4.844126,27.344835,3.795093,20.751638,1.0055529,12.85649,-16.556534,16.14712,-5.9015603,11.917947,-18.921045,13.639882,-6.0811296,12.568523,-8.701615,11.03789,-9.745833,8.862448,-8.770379,8.610338,0.15668125570255476,0.15096201753785643,0.08511443,0.054028813,1712.3861342055734,1364.2422460844186,1593.8559176721428,598.7293542966551,3130.7025547445255,2254.7729070128594,132.06533784560014,18.672228174052982,80.0609250563203,174.61411571650194,4.352,1,DF_E_2000269.wav
-194.49712,83.160545,126.37532,53.04491,-17.32835,28.675907,53.048603,30.866028,-21.660955,16.412569,2.8456714,15.218554,-6.7701163,12.668194,-12.673586,15.880233,-6.272471,9.853771,-8.023761,11.0564,-8.929223,8.693323,-3.9609435,7.5218544,-9.068345,5.5455503,0.09420365137411348,0.09239568845097804,0.14263079,0.0661603,1225.9443058491697,737.9692270857128,1240.3661714037603,379.66454757546313,2447.695035460993,1250.2409810592653,115.9527241419362,10.395930340293647,67.32294488175604,148.5384940785009,4.48,1,DF_E_2000302.wav
-212.23878,112.988014,104.97808,79.89984,-15.628444,41.56862,56.378677,27.949965,-16.003593,21.292854,4.6321654,21.307837,-5.43047,17.436434,-6.139002,20.853285,2.1820145,13.939555,-7.1419244,12.6455765,-2.084868,11.802111,-6.0908213,10.813232,-1.0480783,10.612313,0.13369504561335405,0.12721659481674485,0.14873642,0.091739155,1481.6988879205278,1086.0345270362957,1259.308646223984,433.7122097220153,2688.179347826087,1509.340608077672,118.17078247905279,13.150031358870258,65.40639132514966,186.06888929891866,5.12,1,DF_E_2000356.wav
-236.8302,114.33333,74.03111,37.36364,-29.84364,63.225864,41.918106,46.663647,-17.190752,38.746555,-12.476467,25.683315,-12.485649,20.999355,-10.191306,17.4489,-0.7549464,17.088902,-17.524967,11.337619,-25.089584,13.996455,-18.634995,12.339871,-10.176404,8.49596,0.14735681870404413,0.1366891063716999,0.1365901,0.08770797,1796.5876999898408,1069.1882770129068,1473.4697667204296,602.5915896071444,3218.6351102941176,1738.476418657235,207.52975219048895,33.633914357407676,86.30425076864258,261.6255653005986,4.3450625,1,DF_E_2000361.wav
-161.67331,93.37943,63.741993,49.34165,-17.414436,40.300667,23.762943,28.617653,-13.447803,19.103748,-11.220594,13.014582,-30.09705,15.296075,-14.443657,9.626905,-13.172091,13.375432,-17.884857,14.335558,-3.5805614,10.118606,-14.970245,12.129977,-1.2526358,7.6526966,0.1888162364130435,0.1537325194007291,0.15399371,0.08872085,2067.5978106957477,1139.6453337357832,1720.0654802253998,489.0976257613032,3947.0108695652175,1736.226632381538,183.79471097950128,33.39722962542967,94.11545282508624,266.19869962824436,5.12,1,DF_E_2000378.wav
-274.5241,120.43,93.1383,61.648296,-3.3722203,34.352566,16.979317,28.717957,5.6872525,24.647396,0.501312,16.597517,-18.487425,22.938286,-4.606137,13.726331,-20.124407,17.101841,-3.6929624,16.288404,-8.689554,11.051492,-5.199388,10.5611105,-5.8106813,9.724574,0.11365184294871795,0.11002432480754742,0.09616249,0.073549695,1507.0079724558336,1017.5786824183726,1477.8505701282459,575.3844949517008,2869.3509615384614,1987.1813708376103,147.35862988586527,29.23655450918005,73.84148765291448,246.94165062806206,6.216,1,DF_E_2000406.wav
-250.04333,141.77208,72.21355,46.204872,-19.603117,33.851555,10.397656,30.332651,-25.983883,23.583466,-17.32087,18.298191,-24.410686,17.155104,-10.696782,14.111391,-16.395737,15.582285,-10.141753,11.806236,-9.658581,9.087997,-8.179675,10.871334,-4.8376026,6.927712,0.12820055885036497,0.1034414907911718,0.08312989,0.06969474,1830.61811361982,919.6272923773133,1620.5244422836533,449.9968657826174,3424.840328467153,1616.9543207084544,203.42965689542666,20.076302365029825,167.69467255813382,251.2581146483697,4.352,1,DF_E_2000421.wav
-394.66702,203.11505,76.23937,53.40508,9.8307495,28.83089,25.797611,22.035051,1.9077742,22.083855,11.092343,8.702593,-4.1060443,17.90876,-0.6949577,10.894858,5.419271,8.620866,2.4302216,10.143427,4.123884,6.9911504,1.474532,6.1975946,2.2182784,5.926952,0.06735253149224807,0.05487453551399835,0.057590738,0.08396968,1482.1186442485393,532.2544829396137,1785.5885352510172,489.31371869226604,3461.421996124031,1447.1253597422196,93.0256915049456,8.70202400615644,77.33375603922921,112.57112811964524,4.096,1,DF_E_2000464.wav
-233.4519,153.5401,117.27722,54.58105,-15.580608,32.23592,29.984394,19.687212,-6.6208434,19.905552,-9.286253,17.368835,-14.572382,14.870265,-16.253178,14.923734,-14.578916,14.1657095,6.0657997,9.592481,-14.08969,11.674559,-2.9766905,7.0382543,-4.5547986,8.391812,0.08743961712786259,0.07171707549832844,0.1079201,0.08449702,1397.856103365038,767.7157159359055,1394.782941860556,489.0458402465967,2813.9312977099235,1573.992445011166,95.66513877066392,11.200438666321595,74.69948441050268,124.18608452867444,4.17,1,DF_E_2000471.wav
-262.39365,136.60135,96.10022,69.15404,-18.955883,32.16008,10.873164,31.213146,-7.9372196,23.889227,1.6203996,17.647638,-15.421203,20.807993,-5.990004,11.432689,-12.20161,12.299784,-1.2317063,16.14253,-6.2395067,8.513836,-3.933367,11.238699,-6.2707305,8.2856,0.15247857392723882,0.1359427598715533,0.10706956,0.0889281,1692.7610589723597,1116.0519455422489,1429.5619397724101,567.6306888367784,3110.1912313432836,2019.9039256231317,133.48272461019295,13.148200345185394,114.5388367788287,163.86452094349724,4.2600625,1,DF_E_2000530.wav
-174.6061,115.21195,79.390656,57.130005,-5.121779,40.26629,7.4726553,29.91386,-17.925003,24.790207,-12.478275,15.041261,-19.684547,13.875721,-18.87384,12.062617,-16.334753,11.206496,-20.005718,11.286449,-2.2414393,10.552907,-9.331163,10.474898,-9.284393,8.819824,0.15731336805555557,0.12212246956728336,0.15043208,0.07742528,1887.3326315601553,1109.9734871412918,1705.9885153753994,627.2539325715751,3667.939814814815,2045.33287479464,218.03150074043458,30.842261900860056,80.5247132770094,305.78200836531414,4.288,1,DF_E_2000572.wav
-246.07002,128.9756,98.85983,85.67338,-0.040853087,32.986534,22.133442,39.566574,-19.657764,20.802248,-1.9712801,19.29845,-0.014165653,19.39236,-30.847948,21.491968,-15.715717,15.10914,11.916739,16.508207,-21.023949,14.337238,-3.7716374,10.984382,-0.1532698,10.231066,0.15600131017080746,0.13250128555090446,0.1069816,0.0760723,1720.4383045088452,1203.165326033506,1432.1293641941222,589.2046574433249,3222.4378881987577,1979.294030900363,132.25889533602427,27.381371766421474,80.5247132770094,208.85526660911424,5.12,1,DF_E_2000584.wav
-235.7164,130.51326,114.203186,75.824265,-27.253952,46.752296,22.769756,29.31366,-2.8259614,19.196512,-7.916837,21.76885,-9.03004,19.414408,-8.678984,15.708018,-17.882374,12.596865,6.4355226,12.683331,-3.7959685,10.225831,-2.7093186,9.42401,-10.730763,9.594463,0.146951988260582,0.1341890091190409,0.08137143,0.05741888,1619.189946480649,1125.1998406261775,1321.1189119855333,533.2389316668944,2915.509259259259,1775.5050529457694,107.96616934183668,14.025171894944462,80.5247132770094,160.1218501126406,6.0350625,1,DF_E_2000594.wav
-215.07617,143.69806,76.21461,65.81981,-16.004969,37.105083,34.715466,30.757547,-14.798646,20.399149,-1.205372,12.800775,-16.1403,15.412979,-13.416261,18.532406,-9.670157,12.221695,-12.951985,15.522333,-16.340904,14.18871,-0.13246368,8.524932,-14.526034,9.628982,0.17163594563802084,0.15518179365964146,0.0971755,0.060390096,2100.3247395972544,1280.5477553751243,1633.898435868109,473.6442914191537,3919.43359375,1767.8936587108774,114.9698867405968,16.399069456310446,68.49972922973525,161.9823763910578,6.1229375,1,DF_E_2000639.wav
-244.66849,124.22445,100.3786,64.76464,-20.850647,49.38033,12.998246,27.616018,-12.907536,20.05823,-14.045837,16.042774,-21.48904,16.421364,-8.08424,10.831482,-16.36792,9.065885,-7.886801,6.012631,-16.044699,7.392234,-18.419392,9.699486,-9.81507,6.3842764,0.12822116151147958,0.13435596734184083,0.083402865,0.058468904,1566.5604488716162,1200.3363551036693,1378.1434509805715,564.1739390720121,2829.201211734694,1864.6244871363956,191.6838288255285,31.654546853732096,129.31026969119696,264.6655079380657,6.2500625,1,DF_E_2000647.wav
-189.62888,120.910614,120.11403,82.25051,-34.777386,51.55839,22.898691,36.078827,-3.912113,19.676222,-11.785435,24.058369,-11.5650425,25.51964,-16.766598,23.470522,-18.644472,14.475228,3.9643097,20.087166,-3.936331,13.89648,-4.746097,11.82561,-10.357144,9.8535,0.16003806727707007,0.16245247251235945,0.123664685,0.06369804,1713.8499072279442,1307.113950491007,1229.4040521700379,530.3620937243727,2861.9625796178343,1817.6126938103264,101.19900731867486,10.355944910859996,80.9911881955289,133.87038650376502,5.002125,1,DF_E_2000653.wav
-334.75082,180.21219,56.26735,45.636093,-2.9622412,42.7365,17.616293,21.86969,-3.8359456,20.466038,-6.3187723,16.5517,-6.362636,13.349185,-5.3414083,10.30335,-4.5743737,9.254071,-11.208348,12.214873,-14.803389,13.054765,-11.63098,9.814309,-9.557508,9.480728,0.14174896816037735,0.10806268244121739,0.06435691,0.071011096,1930.5877705426021,887.4629318036648,1829.0371210995586,481.83796221606895,4015.723270440252,1566.5714415998268,217.00115635376747,63.684576811812406,85.3129619008554,408.1700114541761,5.056,1,DF_E_2000700.wav
-335.62445,185.61955,95.33263,48.695095,6.1107287,36.298363,17.154833,23.467161,-5.1111817,27.40245,1.8679512,14.619547,-7.161745,13.566537,-9.517646,12.672591,-0.32371113,7.848175,0.6635074,6.337938,-0.6420551,6.3972063,-2.545143,6.8974276,-7.470937,7.359901,0.08688575634057971,0.11005015947407024,0.06177077,0.06851528,1535.367292232159,882.5306159711091,1708.5771267379153,523.8750000389558,3342.9008152173915,1530.0426663102028,123.99336617132408,43.81197542651623,83.3644111580719,207.65234878997256,4.392,1,DF_E_2000775.wav
-275.1483,125.610085,85.11425,62.271023,-23.597792,44.85582,10.713808,25.845762,-13.300918,21.192942,-9.051431,18.090998,-18.933842,18.901882,-8.257169,13.567525,-13.98135,11.874234,-5.206228,9.155999,-9.785564,10.360115,-15.846001,11.869818,-10.670463,9.270284,0.1416684842956853,0.12984994053000615,0.074655935,0.057513095,1683.1661569966257,1119.422665569074,1467.5746462666157,586.2320697927971,3154.7430203045687,1919.502530887599,194.44819404073198,32.19514447707436,80.9911881955289,273.99891691894106,6.272,1,DF_E_2000782.wav
-189.84946,102.98751,87.64727,41.357914,0.661607,26.408104,11.725798,27.217783,8.755749,11.649836,-10.730776,14.733473,-23.27918,11.848282,-16.72072,12.1466465,-25.980595,12.094067,0.3513198,11.079306,-17.188717,8.866003,-10.5651655,9.360014,-0.6195245,6.910824,0.12069896941489362,0.09458338140158666,0.12971838,0.07082323,1600.5367188817406,879.2261425905908,1698.010395868706,450.1619800158048,3138.1870567375886,1745.7975992545553,181.0446725862332,15.387401018233879,133.09934981412218,238.52991146631203,4.504,1,DF_E_2000834.wav
-279.1282,159.44054,81.84228,74.535416,2.7605462,31.639175,9.231027,16.091827,0.12666477,18.90019,6.686184,14.034182,-15.732333,15.722724,-7.5869026,13.376427,-15.211184,12.623948,-6.0756016,10.661202,-8.778475,8.869579,-5.9411883,7.0754914,-11.979382,7.598253,0.14772412455673758,0.163780844294438,0.09551024,0.086026445,1823.2782804439119,1332.8698135090474,1567.7257097345307,519.1828258000673,3339.871453900709,2089.8470639252314,142.55198884703444,30.405489852875387,85.80717486147108,229.0776735576574,4.4930625,1,DF_E_2000844.wav
-353.1508,185.38837,71.14508,62.18809,8.3192835,24.544388,12.74777,20.131159,6.866757,16.056536,0.6966764,11.618251,-4.8071313,13.333769,-4.979315,8.36891,-9.448003,10.579094,-2.836739,7.870208,-3.3868701,6.430236,-8.204135,6.8703156,-5.7298865,5.605955,0.11495893429487179,0.09967234772526705,0.061588425,0.06604344,1747.6167705937157,931.1301708632627,1805.315292719323,526.0944259541143,3698.4375,1944.6233880095936,132.10027226938928,37.5173386121837,76.88834637984607,245.51937137864914,6.232,1,DF_E_2000847.wav
-243.06113,117.82193,79.247375,53.611004,-5.8535414,40.925358,4.7581263,27.526924,-5.582552,22.913813,-12.157748,14.698857,-11.380852,13.871267,-9.630865,11.674069,-5.9076185,12.106855,-6.603347,10.758337,-14.177938,9.642843,-12.845209,8.702158,-8.667555,7.4733963,0.1672821044921875,0.1503628474443261,0.094023794,0.069779254,1898.3643138640525,1232.5358006490644,1679.6291956243463,549.2485221940246,3517.7001953125,2022.9612953659766,199.2925101363939,28.891128561624907,109.99999999999999,261.6255653005986,4.072,1,DF_E_2000865.wav
-364.43353,169.79265,58.20127,66.293594,-15.730745,42.518745,5.9815965,22.326864,-8.699177,18.25688,-1.9405041,14.8721695,-12.390589,14.908263,-6.543788,11.285015,-8.635313,13.933162,-4.55468,8.720979,-18.740742,18.198044,-4.545248,7.965557,-12.258976,13.070734,0.0861308296319797,0.125202978076161,0.054673743,0.06498034,1050.6335771949957,1202.4666260325023,851.980875645616,792.6349670097799,1852.6332487309644,2100.9047556341916,220.22709804611125,49.02133085054528,157.37105256787842,347.21682482900223,6.272,1,DF_E_2000875.wav
-234.41254,77.30142,97.15287,58.82887,0.8469297,31.081535,16.244808,25.909891,-12.406483,20.765112,-7.2477646,14.824328,-26.451311,14.175209,-25.801567,11.892181,-16.593699,9.181257,-5.397032,6.6443095,-11.564669,6.980652,-8.253331,6.0176353,-0.18411708,6.583236,0.12680171996124032,0.10908986178206397,0.10557793,0.06997417,1530.5489736402592,1069.0571528076614,1520.462007438371,596.088006922504,2963.0571705426355,2023.2946836332908,215.8234608129125,33.95551939297308,164.81377845643496,311.12698372208087,4.096,1,DF_E_2000928.wav
-300.76648,130.38548,113.393074,50.995274,-2.4330742,22.20131,34.97932,25.42571,1.7444528,19.656376,2.787558,11.247816,-22.6014,16.440426,0.46988395,9.2033,-23.319075,11.599136,-3.6313882,9.27204,-10.220435,7.672916,-5.502416,6.0813017,-8.42547,7.3860235,0.060242638221153846,0.07324925510232586,0.068537906,0.045382082,1068.683836955699,598.2307715988542,1296.799772373992,390.64635599984433,2147.1153846153848,1239.8938436807598,143.7904499868547,26.920275258016158,72.15494574405967,218.73289323986043,4.130125,1,DF_E_2000960.wav
-232.53464,129.79002,82.18218,52.79846,-0.43889305,31.53286,26.934647,23.697765,-2.8884895,13.765795,-15.094474,15.960188,-26.690435,17.665567,-15.496309,12.10522,-15.819169,12.673252,-3.9057338,8.483292,-10.498456,10.050576,-5.818413,10.009864,-1.1272744,7.051402,0.12166908914728682,0.11430693497212706,0.110185124,0.083043955,1634.388801870435,1036.3508302289276,1621.6915391225625,525.3582838121108,3290.455426356589,1784.7316888367816,204.6174679357463,43.642568602975395,89.3477635991859,291.9733833144849,4.096,1,DF_E_2001030.wav
-336.29718,138.97098,66.61577,51.064247,7.4481826,21.879128,27.043486,28.777958,-1.806905,18.451317,-3.4422796,16.17539,-12.457577,22.11962,-11.901995,19.28677,-9.429051,14.806766,-7.8105206,14.29042,-5.932632,12.427195,-3.1973724,9.509303,-6.5301876,9.174168,0.08085478712248322,0.08954432685189644,0.08298575,0.09899551,1143.0211579096208,848.380580270351,1317.9000888788912,425.41748542404446,2136.3255033557048,1644.4888575878072,196.1136816367293,78.56062282108644,77.78174593052022,316.5653876023804,4.736,1,DF_E_2001038.wav
-217.83365,102.35935,70.92822,51.780598,-26.641531,43.01911,23.88443,25.666025,-7.3000846,16.57305,-9.177787,12.146183,-21.759485,16.75763,-16.690392,14.409287,-9.623909,11.232816,-17.608477,13.176044,-4.5833006,11.331603,-12.368307,9.567404,-7.5592847,8.395428,0.1613669590643275,0.1352101380597035,0.10179026,0.07944979,1956.4821361491715,1109.8479343258678,1620.7178620424938,491.2606515523853,3626.2335526315787,1702.3872168895466,169.4897595884706,39.06318682618999,78.68552628393921,239.91170118635668,5.44,1,DF_E_2001040.wav
-209.69154,116.48858,108.953026,71.026726,-17.94197,35.146324,13.897989,27.392113,-10.339743,16.891735,-6.816986,13.929329,-20.230864,17.447794,-5.7454295,10.804528,-20.184586,12.3347,-3.081965,10.108394,-14.724601,12.583262,-12.62368,15.837249,-8.794369,10.730937,0.13826121794871796,0.1465991056766387,0.13293137,0.07965157,1493.5475524497715,1197.5158767293742,1302.9952286544133,560.6425919391975,2662.3397435897436,1896.6199386977771,186.97381359683936,28.670290234769112,84.33305895682803,248.37216905734888,6.208,1,DF_E_2001083.wav
